,id,question,context,answer_start,text,context_id
78735,573437504776f41900661a93,What neighborhood is located in between Church and Shockoe Hill?,"Richmond's original street grid, laid out in 1737, included the area between what are now Broad, 17th, and 25th Streets and the James River. Modern Downtown Richmond is located slightly farther west, on the slopes of Shockoe Hill. Nearby neighborhoods include Shockoe Bottom, the historically significant and low-lying area between Shockoe Hill and Church Hill, and Monroe Ward, which contains the Jefferson Hotel. Richmond's East End includes neighborhoods like rapidly gentrifying Church Hill, home to St. John's Church, as well as poorer areas like Fulton, Union Hill, and Fairmont, and public housing projects like Mosby Court, Whitcomb Court, Fairfield Court, and Creighton Court closer to Interstate 64.",260,Shockoe Bottom,17001
78736,573437504776f41900661a94,What Richmond neighborhood is home to the Jefferson Hotel?,"Richmond's original street grid, laid out in 1737, included the area between what are now Broad, 17th, and 25th Streets and the James River. Modern Downtown Richmond is located slightly farther west, on the slopes of Shockoe Hill. Nearby neighborhoods include Shockoe Bottom, the historically significant and low-lying area between Shockoe Hill and Church Hill, and Monroe Ward, which contains the Jefferson Hotel. Richmond's East End includes neighborhoods like rapidly gentrifying Church Hill, home to St. John's Church, as well as poorer areas like Fulton, Union Hill, and Fairmont, and public housing projects like Mosby Court, Whitcomb Court, Fairfield Court, and Creighton Court closer to Interstate 64.",366,Monroe Ward,17001
78737,573437504776f41900661a95,What neighborhood of Richmond contains St. John's Church?,"Richmond's original street grid, laid out in 1737, included the area between what are now Broad, 17th, and 25th Streets and the James River. Modern Downtown Richmond is located slightly farther west, on the slopes of Shockoe Hill. Nearby neighborhoods include Shockoe Bottom, the historically significant and low-lying area between Shockoe Hill and Church Hill, and Monroe Ward, which contains the Jefferson Hotel. Richmond's East End includes neighborhoods like rapidly gentrifying Church Hill, home to St. John's Church, as well as poorer areas like Fulton, Union Hill, and Fairmont, and public housing projects like Mosby Court, Whitcomb Court, Fairfield Court, and Creighton Court closer to Interstate 64.",483,Church Hill,17001
78738,573437504776f41900661a96,What is Fairfield Court?,"Richmond's original street grid, laid out in 1737, included the area between what are now Broad, 17th, and 25th Streets and the James River. Modern Downtown Richmond is located slightly farther west, on the slopes of Shockoe Hill. Nearby neighborhoods include Shockoe Bottom, the historically significant and low-lying area between Shockoe Hill and Church Hill, and Monroe Ward, which contains the Jefferson Hotel. Richmond's East End includes neighborhoods like rapidly gentrifying Church Hill, home to St. John's Church, as well as poorer areas like Fulton, Union Hill, and Fairmont, and public housing projects like Mosby Court, Whitcomb Court, Fairfield Court, and Creighton Court closer to Interstate 64.",590,public housing projects,17001
78739,573437504776f41900661a97,In what year was the Richmond street grid first developed?,"Richmond's original street grid, laid out in 1737, included the area between what are now Broad, 17th, and 25th Streets and the James River. Modern Downtown Richmond is located slightly farther west, on the slopes of Shockoe Hill. Nearby neighborhoods include Shockoe Bottom, the historically significant and low-lying area between Shockoe Hill and Church Hill, and Monroe Ward, which contains the Jefferson Hotel. Richmond's East End includes neighborhoods like rapidly gentrifying Church Hill, home to St. John's Church, as well as poorer areas like Fulton, Union Hill, and Fairmont, and public housing projects like Mosby Court, Whitcomb Court, Fairfield Court, and Creighton Court closer to Interstate 64.",45,1737,17001
78740,57343a9f4776f41900661aa7,The neighborhood of Newtowne West is north of what street?,"The area between Belvidere Street, Interstate 195, Interstate 95, and the river, which includes Virginia Commonwealth University, is socioeconomically and architecturally diverse. North of Broad Street, the Carver and Newtowne West neighborhoods are demographically similar to neighboring Jackson Ward, with Carver experiencing some gentrification due to its proximity to VCU. The affluent area between the Boulevard, Main Street, Broad Street, and VCU, known as the Fan, is home to Monument Avenue, an outstanding collection of Victorian architecture, and many students. West of the Boulevard is the Museum District, the location of the Virginia Historical Society and the Virginia Museum of Fine Arts. South of the Downtown Expressway are Byrd Park, Maymont, Hollywood Cemetery, the predominantly black working class Randolph neighborhood, and white working class Oregon Hill. Cary Street between Interstate 195 and the Boulevard is a popular commercial area called Carytown.",189,Broad,17002
78741,57343a9f4776f41900661aa8,"Along with Newtowne West, to what neighborhood is Carver regarded as having comparable demographics?","The area between Belvidere Street, Interstate 195, Interstate 95, and the river, which includes Virginia Commonwealth University, is socioeconomically and architecturally diverse. North of Broad Street, the Carver and Newtowne West neighborhoods are demographically similar to neighboring Jackson Ward, with Carver experiencing some gentrification due to its proximity to VCU. The affluent area between the Boulevard, Main Street, Broad Street, and VCU, known as the Fan, is home to Monument Avenue, an outstanding collection of Victorian architecture, and many students. West of the Boulevard is the Museum District, the location of the Virginia Historical Society and the Virginia Museum of Fine Arts. South of the Downtown Expressway are Byrd Park, Maymont, Hollywood Cemetery, the predominantly black working class Randolph neighborhood, and white working class Oregon Hill. Cary Street between Interstate 195 and the Boulevard is a popular commercial area called Carytown.",289,Jackson Ward,17002
78742,57343a9f4776f41900661aa9,What Richmond street contains a notable amount of Victorian buildings?,"The area between Belvidere Street, Interstate 195, Interstate 95, and the river, which includes Virginia Commonwealth University, is socioeconomically and architecturally diverse. North of Broad Street, the Carver and Newtowne West neighborhoods are demographically similar to neighboring Jackson Ward, with Carver experiencing some gentrification due to its proximity to VCU. The affluent area between the Boulevard, Main Street, Broad Street, and VCU, known as the Fan, is home to Monument Avenue, an outstanding collection of Victorian architecture, and many students. West of the Boulevard is the Museum District, the location of the Virginia Historical Society and the Virginia Museum of Fine Arts. South of the Downtown Expressway are Byrd Park, Maymont, Hollywood Cemetery, the predominantly black working class Randolph neighborhood, and white working class Oregon Hill. Cary Street between Interstate 195 and the Boulevard is a popular commercial area called Carytown.",483,Monument Avenue,17002
78743,57343a9f4776f41900661aaa,In what part of Richmond is the Virginia Museum of Fine Arts found?,"The area between Belvidere Street, Interstate 195, Interstate 95, and the river, which includes Virginia Commonwealth University, is socioeconomically and architecturally diverse. North of Broad Street, the Carver and Newtowne West neighborhoods are demographically similar to neighboring Jackson Ward, with Carver experiencing some gentrification due to its proximity to VCU. The affluent area between the Boulevard, Main Street, Broad Street, and VCU, known as the Fan, is home to Monument Avenue, an outstanding collection of Victorian architecture, and many students. West of the Boulevard is the Museum District, the location of the Virginia Historical Society and the Virginia Museum of Fine Arts. South of the Downtown Expressway are Byrd Park, Maymont, Hollywood Cemetery, the predominantly black working class Randolph neighborhood, and white working class Oregon Hill. Cary Street between Interstate 195 and the Boulevard is a popular commercial area called Carytown.",601,Museum District,17002
78744,57343a9f4776f41900661aab,What is the primary race of the population of the Randolph neighborhood?,"The area between Belvidere Street, Interstate 195, Interstate 95, and the river, which includes Virginia Commonwealth University, is socioeconomically and architecturally diverse. North of Broad Street, the Carver and Newtowne West neighborhoods are demographically similar to neighboring Jackson Ward, with Carver experiencing some gentrification due to its proximity to VCU. The affluent area between the Boulevard, Main Street, Broad Street, and VCU, known as the Fan, is home to Monument Avenue, an outstanding collection of Victorian architecture, and many students. West of the Boulevard is the Museum District, the location of the Virginia Historical Society and the Virginia Museum of Fine Arts. South of the Downtown Expressway are Byrd Park, Maymont, Hollywood Cemetery, the predominantly black working class Randolph neighborhood, and white working class Oregon Hill. Cary Street between Interstate 195 and the Boulevard is a popular commercial area called Carytown.",799,black,17002
78745,57343b404776f41900661ab1,What name is given to the part of Richmond located to the south of the James?,"The portion of the city south of the James River is known as the Southside. Neighborhoods in the city's Southside area range from affluent and middle class suburban neighborhoods Westover Hills, Forest Hill, Southampton, Stratford Hills, Oxford, Huguenot Hills, Hobby Hill, and Woodland Heights to the impoverished Manchester and Blackwell areas, the Hillside Court housing projects, and the ailing Jefferson Davis Highway commercial corridor. Other Southside neighborhoods include Fawnbrook, Broad Rock, Cherry Gardens, Cullenwood, and Beaufont Hills. Much of Southside developed a suburban character as part of Chesterfield County before being annexed by Richmond, most notably in 1970.",65,Southside,17003
78746,57343b404776f41900661ab2,"Along with the affluent, what is the socioeconomic class of the inhabitants of the Southside?","The portion of the city south of the James River is known as the Southside. Neighborhoods in the city's Southside area range from affluent and middle class suburban neighborhoods Westover Hills, Forest Hill, Southampton, Stratford Hills, Oxford, Huguenot Hills, Hobby Hill, and Woodland Heights to the impoverished Manchester and Blackwell areas, the Hillside Court housing projects, and the ailing Jefferson Davis Highway commercial corridor. Other Southside neighborhoods include Fawnbrook, Broad Rock, Cherry Gardens, Cullenwood, and Beaufont Hills. Much of Southside developed a suburban character as part of Chesterfield County before being annexed by Richmond, most notably in 1970.",143,middle class,17003
78747,57343b404776f41900661ab3,What notable public housing projects are present in the Southside?,"The portion of the city south of the James River is known as the Southside. Neighborhoods in the city's Southside area range from affluent and middle class suburban neighborhoods Westover Hills, Forest Hill, Southampton, Stratford Hills, Oxford, Huguenot Hills, Hobby Hill, and Woodland Heights to the impoverished Manchester and Blackwell areas, the Hillside Court housing projects, and the ailing Jefferson Davis Highway commercial corridor. Other Southside neighborhoods include Fawnbrook, Broad Rock, Cherry Gardens, Cullenwood, and Beaufont Hills. Much of Southside developed a suburban character as part of Chesterfield County before being annexed by Richmond, most notably in 1970.",351,Hillside Court,17003
78748,57343b404776f41900661ab4,"Prior to joining Richmond, what county was a significant portion of Southside part of?","The portion of the city south of the James River is known as the Southside. Neighborhoods in the city's Southside area range from affluent and middle class suburban neighborhoods Westover Hills, Forest Hill, Southampton, Stratford Hills, Oxford, Huguenot Hills, Hobby Hill, and Woodland Heights to the impoverished Manchester and Blackwell areas, the Hillside Court housing projects, and the ailing Jefferson Davis Highway commercial corridor. Other Southside neighborhoods include Fawnbrook, Broad Rock, Cherry Gardens, Cullenwood, and Beaufont Hills. Much of Southside developed a suburban character as part of Chesterfield County before being annexed by Richmond, most notably in 1970.",613,Chesterfield,17003
78749,57343b404776f41900661ab5,What is the economic status of the Manchester part of Richmond?,"The portion of the city south of the James River is known as the Southside. Neighborhoods in the city's Southside area range from affluent and middle class suburban neighborhoods Westover Hills, Forest Hill, Southampton, Stratford Hills, Oxford, Huguenot Hills, Hobby Hill, and Woodland Heights to the impoverished Manchester and Blackwell areas, the Hillside Court housing projects, and the ailing Jefferson Davis Highway commercial corridor. Other Southside neighborhoods include Fawnbrook, Broad Rock, Cherry Gardens, Cullenwood, and Beaufont Hills. Much of Southside developed a suburban character as part of Chesterfield County before being annexed by Richmond, most notably in 1970.",302,impoverished,17003
78750,57343cffd058e614000b6b5e,What is Richmond's Köppen climate classification?,"Richmond has a humid subtropical climate (Köppen Cfa), with hot and humid summers and generally cool winters. The mountains to the west act as a partial barrier to outbreaks of cold, continental air in winter; Arctic air is delayed long enough to be modified, then further warmed as it subsides in its approach to Richmond. The open waters of the Chesapeake Bay and Atlantic Ocean contribute to the humid summers and mild winters. The coldest weather normally occurs from late December to early February, and the January daily mean temperature is 37.9 °F (3.3 °C), with an average of 6.0 days with highs at or below the freezing mark. Downtown areas straddle the border between USDA Hardiness zones 7B and 8A, and temperatures seldom lower to 0 °F (−18 °C), with the most recent subzero (°F) reading occurring on January 28, 2000, when the temperature reached −1 °F (−18 °C). The July daily mean temperature is 79.3 °F (26.3 °C), and high temperatures reach or exceed 90 °F (32 °C) approximately 43 days out of the year; while 100 °F (38 °C) temperatures are not uncommon, they do not occur every year. Extremes in temperature have ranged from −12 °F (−24 °C) on January 19, 1940 up to 107 °F (42 °C) on August 6, 1918.[a]",49,Cfa,17004
78751,57343cffd058e614000b6b5f,How could one characterize the winters in Richmond?,"Richmond has a humid subtropical climate (Köppen Cfa), with hot and humid summers and generally cool winters. The mountains to the west act as a partial barrier to outbreaks of cold, continental air in winter; Arctic air is delayed long enough to be modified, then further warmed as it subsides in its approach to Richmond. The open waters of the Chesapeake Bay and Atlantic Ocean contribute to the humid summers and mild winters. The coldest weather normally occurs from late December to early February, and the January daily mean temperature is 37.9 °F (3.3 °C), with an average of 6.0 days with highs at or below the freezing mark. Downtown areas straddle the border between USDA Hardiness zones 7B and 8A, and temperatures seldom lower to 0 °F (−18 °C), with the most recent subzero (°F) reading occurring on January 28, 2000, when the temperature reached −1 °F (−18 °C). The July daily mean temperature is 79.3 °F (26.3 °C), and high temperatures reach or exceed 90 °F (32 °C) approximately 43 days out of the year; while 100 °F (38 °C) temperatures are not uncommon, they do not occur every year. Extremes in temperature have ranged from −12 °F (−24 °C) on January 19, 1940 up to 107 °F (42 °C) on August 6, 1918.[a]",86,generally cool,17004
78752,57343cffd058e614000b6b60,What geographic feature keeps some cold inland air from reaching Richmond?,"Richmond has a humid subtropical climate (Köppen Cfa), with hot and humid summers and generally cool winters. The mountains to the west act as a partial barrier to outbreaks of cold, continental air in winter; Arctic air is delayed long enough to be modified, then further warmed as it subsides in its approach to Richmond. The open waters of the Chesapeake Bay and Atlantic Ocean contribute to the humid summers and mild winters. The coldest weather normally occurs from late December to early February, and the January daily mean temperature is 37.9 °F (3.3 °C), with an average of 6.0 days with highs at or below the freezing mark. Downtown areas straddle the border between USDA Hardiness zones 7B and 8A, and temperatures seldom lower to 0 °F (−18 °C), with the most recent subzero (°F) reading occurring on January 28, 2000, when the temperature reached −1 °F (−18 °C). The July daily mean temperature is 79.3 °F (26.3 °C), and high temperatures reach or exceed 90 °F (32 °C) approximately 43 days out of the year; while 100 °F (38 °C) temperatures are not uncommon, they do not occur every year. Extremes in temperature have ranged from −12 °F (−24 °C) on January 19, 1940 up to 107 °F (42 °C) on August 6, 1918.[a]",114,mountains,17004
78753,57343cffd058e614000b6b61,In what month of the year does Richmond's chilliest weather typically end?,"Richmond has a humid subtropical climate (Köppen Cfa), with hot and humid summers and generally cool winters. The mountains to the west act as a partial barrier to outbreaks of cold, continental air in winter; Arctic air is delayed long enough to be modified, then further warmed as it subsides in its approach to Richmond. The open waters of the Chesapeake Bay and Atlantic Ocean contribute to the humid summers and mild winters. The coldest weather normally occurs from late December to early February, and the January daily mean temperature is 37.9 °F (3.3 °C), with an average of 6.0 days with highs at or below the freezing mark. Downtown areas straddle the border between USDA Hardiness zones 7B and 8A, and temperatures seldom lower to 0 °F (−18 °C), with the most recent subzero (°F) reading occurring on January 28, 2000, when the temperature reached −1 °F (−18 °C). The July daily mean temperature is 79.3 °F (26.3 °C), and high temperatures reach or exceed 90 °F (32 °C) approximately 43 days out of the year; while 100 °F (38 °C) temperatures are not uncommon, they do not occur every year. Extremes in temperature have ranged from −12 °F (−24 °C) on January 19, 1940 up to 107 °F (42 °C) on August 6, 1918.[a]",495,February,17004
78754,57343cffd058e614000b6b62,About how many days a year does the temperature in Richmond go above 32 degrees Celsius?,"Richmond has a humid subtropical climate (Köppen Cfa), with hot and humid summers and generally cool winters. The mountains to the west act as a partial barrier to outbreaks of cold, continental air in winter; Arctic air is delayed long enough to be modified, then further warmed as it subsides in its approach to Richmond. The open waters of the Chesapeake Bay and Atlantic Ocean contribute to the humid summers and mild winters. The coldest weather normally occurs from late December to early February, and the January daily mean temperature is 37.9 °F (3.3 °C), with an average of 6.0 days with highs at or below the freezing mark. Downtown areas straddle the border between USDA Hardiness zones 7B and 8A, and temperatures seldom lower to 0 °F (−18 °C), with the most recent subzero (°F) reading occurring on January 28, 2000, when the temperature reached −1 °F (−18 °C). The July daily mean temperature is 79.3 °F (26.3 °C), and high temperatures reach or exceed 90 °F (32 °C) approximately 43 days out of the year; while 100 °F (38 °C) temperatures are not uncommon, they do not occur every year. Extremes in temperature have ranged from −12 °F (−24 °C) on January 19, 1940 up to 107 °F (42 °C) on August 6, 1918.[a]",996,43,17004
78755,57343d7e4776f41900661ad9,What season in Richmond is most likely to see periods of dryness?,"Precipitation is rather uniformly distributed throughout the year. However, dry periods lasting several weeks do occur, especially in autumn when long periods of pleasant, mild weather are most common. There is considerable variability in total monthly amounts from year to year so that no one month can be depended upon to be normal. Snow has been recorded during seven of the twelve months. Falls of 3 inches (7.6 cm) or more within 24 hours occur an average once per year. Annual snowfall, however, is usually light, averaging 10.5 inches (27 cm) per season. Snow typically remains on the ground only one or two days at a time, but remained for 16 days in 2010 (January 30 to February 14). Ice storms (freezing rain or glaze) are not uncommon, but they are seldom severe enough to do any considerable damage.",134,autumn,17005
78756,57343d7e4776f41900661ada,How many times does Richmond receive 7.6 centimeters or more of snow in a 24 hour period annually?,"Precipitation is rather uniformly distributed throughout the year. However, dry periods lasting several weeks do occur, especially in autumn when long periods of pleasant, mild weather are most common. There is considerable variability in total monthly amounts from year to year so that no one month can be depended upon to be normal. Snow has been recorded during seven of the twelve months. Falls of 3 inches (7.6 cm) or more within 24 hours occur an average once per year. Annual snowfall, however, is usually light, averaging 10.5 inches (27 cm) per season. Snow typically remains on the ground only one or two days at a time, but remained for 16 days in 2010 (January 30 to February 14). Ice storms (freezing rain or glaze) are not uncommon, but they are seldom severe enough to do any considerable damage.",461,once,17005
78757,57343d7e4776f41900661adb,About how many centimeters of snow does Richmond experience in the fall?,"Precipitation is rather uniformly distributed throughout the year. However, dry periods lasting several weeks do occur, especially in autumn when long periods of pleasant, mild weather are most common. There is considerable variability in total monthly amounts from year to year so that no one month can be depended upon to be normal. Snow has been recorded during seven of the twelve months. Falls of 3 inches (7.6 cm) or more within 24 hours occur an average once per year. Annual snowfall, however, is usually light, averaging 10.5 inches (27 cm) per season. Snow typically remains on the ground only one or two days at a time, but remained for 16 days in 2010 (January 30 to February 14). Ice storms (freezing rain or glaze) are not uncommon, but they are seldom severe enough to do any considerable damage.",543,27,17005
78758,57343d7e4776f41900661adc,During what span of 2010 did snowfall remain for a significant amount of time on the ground in Richmond?,"Precipitation is rather uniformly distributed throughout the year. However, dry periods lasting several weeks do occur, especially in autumn when long periods of pleasant, mild weather are most common. There is considerable variability in total monthly amounts from year to year so that no one month can be depended upon to be normal. Snow has been recorded during seven of the twelve months. Falls of 3 inches (7.6 cm) or more within 24 hours occur an average once per year. Annual snowfall, however, is usually light, averaging 10.5 inches (27 cm) per season. Snow typically remains on the ground only one or two days at a time, but remained for 16 days in 2010 (January 30 to February 14). Ice storms (freezing rain or glaze) are not uncommon, but they are seldom severe enough to do any considerable damage.",665,January 30 to February 14,17005
78759,57343d7e4776f41900661add,What types of ice storms sometimes hit Richmond?,"Precipitation is rather uniformly distributed throughout the year. However, dry periods lasting several weeks do occur, especially in autumn when long periods of pleasant, mild weather are most common. There is considerable variability in total monthly amounts from year to year so that no one month can be depended upon to be normal. Snow has been recorded during seven of the twelve months. Falls of 3 inches (7.6 cm) or more within 24 hours occur an average once per year. Annual snowfall, however, is usually light, averaging 10.5 inches (27 cm) per season. Snow typically remains on the ground only one or two days at a time, but remained for 16 days in 2010 (January 30 to February 14). Ice storms (freezing rain or glaze) are not uncommon, but they are seldom severe enough to do any considerable damage.",705,freezing rain or glaze,17005
78760,57343dd54776f41900661ae3,What is the most likely month for the James to flood Richmond?,"The James River reaches tidewater at Richmond where flooding may occur in every month of the year, most frequently in March and least in July. Hurricanes and tropical storms have been responsible for most of the flooding during the summer and early fall months. Hurricanes passing near Richmond have produced record rainfalls. In 1955, three hurricanes brought record rainfall to Richmond within a six-week period. The most noteworthy of these were Hurricane Connie and Hurricane Diane that brought heavy rains five days apart. And in 2004, the downtown area suffered extensive flood damage after the remnants of Hurricane Gaston dumped up to 12 inches (300 mm) of rainfall.",118,March,17006
78761,57343dd54776f41900661ae4,What month sees the lowest likelihood of the James flooding?,"The James River reaches tidewater at Richmond where flooding may occur in every month of the year, most frequently in March and least in July. Hurricanes and tropical storms have been responsible for most of the flooding during the summer and early fall months. Hurricanes passing near Richmond have produced record rainfalls. In 1955, three hurricanes brought record rainfall to Richmond within a six-week period. The most noteworthy of these were Hurricane Connie and Hurricane Diane that brought heavy rains five days apart. And in 2004, the downtown area suffered extensive flood damage after the remnants of Hurricane Gaston dumped up to 12 inches (300 mm) of rainfall.",137,July,17006
78762,57343dd54776f41900661ae5,"In 1955, Richmond was hit with three hurricanes in how many weeks?","The James River reaches tidewater at Richmond where flooding may occur in every month of the year, most frequently in March and least in July. Hurricanes and tropical storms have been responsible for most of the flooding during the summer and early fall months. Hurricanes passing near Richmond have produced record rainfalls. In 1955, three hurricanes brought record rainfall to Richmond within a six-week period. The most noteworthy of these were Hurricane Connie and Hurricane Diane that brought heavy rains five days apart. And in 2004, the downtown area suffered extensive flood damage after the remnants of Hurricane Gaston dumped up to 12 inches (300 mm) of rainfall.",398,six,17006
78763,57343dd54776f41900661ae6,"In 1955, what two hurricanes occurred within a week of one another?","The James River reaches tidewater at Richmond where flooding may occur in every month of the year, most frequently in March and least in July. Hurricanes and tropical storms have been responsible for most of the flooding during the summer and early fall months. Hurricanes passing near Richmond have produced record rainfalls. In 1955, three hurricanes brought record rainfall to Richmond within a six-week period. The most noteworthy of these were Hurricane Connie and Hurricane Diane that brought heavy rains five days apart. And in 2004, the downtown area suffered extensive flood damage after the remnants of Hurricane Gaston dumped up to 12 inches (300 mm) of rainfall.",449,Hurricane Connie and Hurricane Diane,17006
78764,57343dd54776f41900661ae7,What hurricane hit Richmond in 2004?,"The James River reaches tidewater at Richmond where flooding may occur in every month of the year, most frequently in March and least in July. Hurricanes and tropical storms have been responsible for most of the flooding during the summer and early fall months. Hurricanes passing near Richmond have produced record rainfalls. In 1955, three hurricanes brought record rainfall to Richmond within a six-week period. The most noteworthy of these were Hurricane Connie and Hurricane Diane that brought heavy rains five days apart. And in 2004, the downtown area suffered extensive flood damage after the remnants of Hurricane Gaston dumped up to 12 inches (300 mm) of rainfall.",623,Gaston,17006
78765,57343e3a4776f41900661aed,"In 2000, how many families lived in Richmond?","As of the census of 2000, there were 197,790 people, 84,549 households, and 43,627 families residing in the city. The population density was 3,292.6 people per square mile (1,271.3/km²). There were 92,282 housing units at an average density of 1,536.2 per square mile (593.1/km²). The racial makeup of the city was 38.3% White, 57.2% African American, 0.2% Native American, 1.3% Asian, 0.1% Pacific Islander, 1.5% from other races, and 1.5% from two or more races. Hispanic or Latino of any race were 2.6% of the population.",76,"43,627",17007
78766,57343e3a4776f41900661aee,"As of 2000, how many people lived in Richmond per square kilometer?","As of the census of 2000, there were 197,790 people, 84,549 households, and 43,627 families residing in the city. The population density was 3,292.6 people per square mile (1,271.3/km²). There were 92,282 housing units at an average density of 1,536.2 per square mile (593.1/km²). The racial makeup of the city was 38.3% White, 57.2% African American, 0.2% Native American, 1.3% Asian, 0.1% Pacific Islander, 1.5% from other races, and 1.5% from two or more races. Hispanic or Latino of any race were 2.6% of the population.",173,"1,271.3",17007
78767,57343e3a4776f41900661aef,What percentage of the Richmond population of 2000 was Pacific Islander?,"As of the census of 2000, there were 197,790 people, 84,549 households, and 43,627 families residing in the city. The population density was 3,292.6 people per square mile (1,271.3/km²). There were 92,282 housing units at an average density of 1,536.2 per square mile (593.1/km²). The racial makeup of the city was 38.3% White, 57.2% African American, 0.2% Native American, 1.3% Asian, 0.1% Pacific Islander, 1.5% from other races, and 1.5% from two or more races. Hispanic or Latino of any race were 2.6% of the population.",386,0.1,17007
78768,57343e3a4776f41900661af0,What was the largest racial group in Richmond as of 2000?,"As of the census of 2000, there were 197,790 people, 84,549 households, and 43,627 families residing in the city. The population density was 3,292.6 people per square mile (1,271.3/km²). There were 92,282 housing units at an average density of 1,536.2 per square mile (593.1/km²). The racial makeup of the city was 38.3% White, 57.2% African American, 0.2% Native American, 1.3% Asian, 0.1% Pacific Islander, 1.5% from other races, and 1.5% from two or more races. Hispanic or Latino of any race were 2.6% of the population.",334,African American,17007
78769,57343e3a4776f41900661af1,"In 2000, what percentage of Richmond residents were multiracial?","As of the census of 2000, there were 197,790 people, 84,549 households, and 43,627 families residing in the city. The population density was 3,292.6 people per square mile (1,271.3/km²). There were 92,282 housing units at an average density of 1,536.2 per square mile (593.1/km²). The racial makeup of the city was 38.3% White, 57.2% African American, 0.2% Native American, 1.3% Asian, 0.1% Pacific Islander, 1.5% from other races, and 1.5% from two or more races. Hispanic or Latino of any race were 2.6% of the population.",436,1.5,17007
78770,57343f8dd058e614000b6b7c,What crime notably increased in Richmond over the course of the 1980s?,"During the late 1980s and early 1990s, Richmond experienced a spike in overall crime, in particular, the city's murder rate. The city had 93 murders for the year of 1985, with a murder rate of 41.9 killings committed per 100,000 residents. Over the next decade, the city saw a major increase in total homicides. In 1990 there were 114 murders, for a murder rate of 56.1 killings per 100,000 residents. There were 120 murders in 1995, resulting in a murder rate of 59.1 killings per 100,000 residents, one of the highest in the United States.",112,murder,17008
78771,57343f8dd058e614000b6b7d,"In 1985, how many people were murdered in Richmond?","During the late 1980s and early 1990s, Richmond experienced a spike in overall crime, in particular, the city's murder rate. The city had 93 murders for the year of 1985, with a murder rate of 41.9 killings committed per 100,000 residents. Over the next decade, the city saw a major increase in total homicides. In 1990 there were 114 murders, for a murder rate of 56.1 killings per 100,000 residents. There were 120 murders in 1995, resulting in a murder rate of 59.1 killings per 100,000 residents, one of the highest in the United States.",138,93,17008
78772,57343f8dd058e614000b6b7e,"How many people per 100,000 were murdered in Richmond in 1990?","During the late 1980s and early 1990s, Richmond experienced a spike in overall crime, in particular, the city's murder rate. The city had 93 murders for the year of 1985, with a murder rate of 41.9 killings committed per 100,000 residents. Over the next decade, the city saw a major increase in total homicides. In 1990 there were 114 murders, for a murder rate of 56.1 killings per 100,000 residents. There were 120 murders in 1995, resulting in a murder rate of 59.1 killings per 100,000 residents, one of the highest in the United States.",365,56.1,17008
78773,57343f8dd058e614000b6b7f,How many murders occurred in Richmond in 1995?,"During the late 1980s and early 1990s, Richmond experienced a spike in overall crime, in particular, the city's murder rate. The city had 93 murders for the year of 1985, with a murder rate of 41.9 killings committed per 100,000 residents. Over the next decade, the city saw a major increase in total homicides. In 1990 there were 114 murders, for a murder rate of 56.1 killings per 100,000 residents. There were 120 murders in 1995, resulting in a murder rate of 59.1 killings per 100,000 residents, one of the highest in the United States.",413,120,17008
78774,57344025d058e614000b6b8e,What is the oldest Presbyterian church in Richmond?,"Richmond has several historic churches. Because of its early English colonial history from the early 17th century to 1776, Richmond has a number of prominent Anglican/Episcopal churches including Monumental Church, St. Paul's Episcopal Church and St. John's Episcopal Church. Methodists and Baptists made up another section of early churches, and First Baptist Church of Richmond was the first of these, established in 1780. In the Reformed church tradition, the first Presbyterian Church in the City of Richmond was First Presbyterian Church, organized on June 18, 1812. On February 5, 1845, Second Presbyterian Church of Richmond was founded, which was a historic church where Stonewall Jackson attended and was the first Gothic building and the first gas-lit church to be built in Richmond. St. Peter's Church was dedicated and became the first Catholic church in Richmond on May 25, 1834. The city is also home to the historic Cathedral of the Sacred Heart which is the motherchurch for the Roman Catholic Diocese of Richmond.",517,First Presbyterian Church,17009
78775,57344025d058e614000b6b8f,Who was a notable congregant at Second Presbyterian Church?,"Richmond has several historic churches. Because of its early English colonial history from the early 17th century to 1776, Richmond has a number of prominent Anglican/Episcopal churches including Monumental Church, St. Paul's Episcopal Church and St. John's Episcopal Church. Methodists and Baptists made up another section of early churches, and First Baptist Church of Richmond was the first of these, established in 1780. In the Reformed church tradition, the first Presbyterian Church in the City of Richmond was First Presbyterian Church, organized on June 18, 1812. On February 5, 1845, Second Presbyterian Church of Richmond was founded, which was a historic church where Stonewall Jackson attended and was the first Gothic building and the first gas-lit church to be built in Richmond. St. Peter's Church was dedicated and became the first Catholic church in Richmond on May 25, 1834. The city is also home to the historic Cathedral of the Sacred Heart which is the motherchurch for the Roman Catholic Diocese of Richmond.",679,Stonewall Jackson,17009
78776,57344025d058e614000b6b90,What architectural style was Second Presbyterian Church built in?,"Richmond has several historic churches. Because of its early English colonial history from the early 17th century to 1776, Richmond has a number of prominent Anglican/Episcopal churches including Monumental Church, St. Paul's Episcopal Church and St. John's Episcopal Church. Methodists and Baptists made up another section of early churches, and First Baptist Church of Richmond was the first of these, established in 1780. In the Reformed church tradition, the first Presbyterian Church in the City of Richmond was First Presbyterian Church, organized on June 18, 1812. On February 5, 1845, Second Presbyterian Church of Richmond was founded, which was a historic church where Stonewall Jackson attended and was the first Gothic building and the first gas-lit church to be built in Richmond. St. Peter's Church was dedicated and became the first Catholic church in Richmond on May 25, 1834. The city is also home to the historic Cathedral of the Sacred Heart which is the motherchurch for the Roman Catholic Diocese of Richmond.",724,Gothic,17009
78777,57344025d058e614000b6b91,On what date did the oldest Catholic church open in Richmond?,"Richmond has several historic churches. Because of its early English colonial history from the early 17th century to 1776, Richmond has a number of prominent Anglican/Episcopal churches including Monumental Church, St. Paul's Episcopal Church and St. John's Episcopal Church. Methodists and Baptists made up another section of early churches, and First Baptist Church of Richmond was the first of these, established in 1780. In the Reformed church tradition, the first Presbyterian Church in the City of Richmond was First Presbyterian Church, organized on June 18, 1812. On February 5, 1845, Second Presbyterian Church of Richmond was founded, which was a historic church where Stonewall Jackson attended and was the first Gothic building and the first gas-lit church to be built in Richmond. St. Peter's Church was dedicated and became the first Catholic church in Richmond on May 25, 1834. The city is also home to the historic Cathedral of the Sacred Heart which is the motherchurch for the Roman Catholic Diocese of Richmond.",879,"May 25, 1834",17009
78778,57344025d058e614000b6b92,In what year was Richmond's First Baptist Church founded?,"Richmond has several historic churches. Because of its early English colonial history from the early 17th century to 1776, Richmond has a number of prominent Anglican/Episcopal churches including Monumental Church, St. Paul's Episcopal Church and St. John's Episcopal Church. Methodists and Baptists made up another section of early churches, and First Baptist Church of Richmond was the first of these, established in 1780. In the Reformed church tradition, the first Presbyterian Church in the City of Richmond was First Presbyterian Church, organized on June 18, 1812. On February 5, 1845, Second Presbyterian Church of Richmond was founded, which was a historic church where Stonewall Jackson attended and was the first Gothic building and the first gas-lit church to be built in Richmond. St. Peter's Church was dedicated and became the first Catholic church in Richmond on May 25, 1834. The city is also home to the historic Cathedral of the Sacred Heart which is the motherchurch for the Roman Catholic Diocese of Richmond.",419,1780,17009
78779,5734408d879d6814001ca3fb,"Along with Chabad of Virginia, what is the other Orthodox synagogue in Richmond?","The first Jewish congregation in Richmond was Kahal Kadosh Beth Shalom. Kahal Kadosh Beth Shalom was the sixth congregation in the United States. By 1822 K.K. Beth Shalom members worshipped in the first synagogue building in Virginia. They eventually merged with Congregation Beth Ahabah, an offshoot of Beth Shalom. There are two Orthodox Synagogues, Keneseth Beth Israel and Chabad of Virginia. There is an Orthodox Yeshivah K–12 school system known as Rudlin Torah academy, which also includes a post high-school program. There are two Conservative synagogues, Beth El and Or Atid. There are three Reform synagogues, Bonay Kodesh, Beth Ahabah and Or Ami. Along with such religious congregations, there are a variety of other Jewish charitable, educational and social service institutions, each serving the Jewish and general communities. These include the Weinstein Jewish Community Center, Jewish Family Services, Jewish Community Federation of Richmond and Richmond Jewish Foundation.",352,Keneseth Beth Israel,17010
78780,5734408d879d6814001ca3fc,What grades does the Rudlin Torah academy serve?,"The first Jewish congregation in Richmond was Kahal Kadosh Beth Shalom. Kahal Kadosh Beth Shalom was the sixth congregation in the United States. By 1822 K.K. Beth Shalom members worshipped in the first synagogue building in Virginia. They eventually merged with Congregation Beth Ahabah, an offshoot of Beth Shalom. There are two Orthodox Synagogues, Keneseth Beth Israel and Chabad of Virginia. There is an Orthodox Yeshivah K–12 school system known as Rudlin Torah academy, which also includes a post high-school program. There are two Conservative synagogues, Beth El and Or Atid. There are three Reform synagogues, Bonay Kodesh, Beth Ahabah and Or Ami. Along with such religious congregations, there are a variety of other Jewish charitable, educational and social service institutions, each serving the Jewish and general communities. These include the Weinstein Jewish Community Center, Jewish Family Services, Jewish Community Federation of Richmond and Richmond Jewish Foundation.",427,K–12,17010
78781,5734408d879d6814001ca3fd,What sect of Judaism is Rudlin Torah affiliated with?,"The first Jewish congregation in Richmond was Kahal Kadosh Beth Shalom. Kahal Kadosh Beth Shalom was the sixth congregation in the United States. By 1822 K.K. Beth Shalom members worshipped in the first synagogue building in Virginia. They eventually merged with Congregation Beth Ahabah, an offshoot of Beth Shalom. There are two Orthodox Synagogues, Keneseth Beth Israel and Chabad of Virginia. There is an Orthodox Yeshivah K–12 school system known as Rudlin Torah academy, which also includes a post high-school program. There are two Conservative synagogues, Beth El and Or Atid. There are three Reform synagogues, Bonay Kodesh, Beth Ahabah and Or Ami. Along with such religious congregations, there are a variety of other Jewish charitable, educational and social service institutions, each serving the Jewish and general communities. These include the Weinstein Jewish Community Center, Jewish Family Services, Jewish Community Federation of Richmond and Richmond Jewish Foundation.",409,Orthodox,17010
78782,5734408d879d6814001ca3fe,What are the names of the Conservative synagogues in Richmond?,"The first Jewish congregation in Richmond was Kahal Kadosh Beth Shalom. Kahal Kadosh Beth Shalom was the sixth congregation in the United States. By 1822 K.K. Beth Shalom members worshipped in the first synagogue building in Virginia. They eventually merged with Congregation Beth Ahabah, an offshoot of Beth Shalom. There are two Orthodox Synagogues, Keneseth Beth Israel and Chabad of Virginia. There is an Orthodox Yeshivah K–12 school system known as Rudlin Torah academy, which also includes a post high-school program. There are two Conservative synagogues, Beth El and Or Atid. There are three Reform synagogues, Bonay Kodesh, Beth Ahabah and Or Ami. Along with such religious congregations, there are a variety of other Jewish charitable, educational and social service institutions, each serving the Jewish and general communities. These include the Weinstein Jewish Community Center, Jewish Family Services, Jewish Community Federation of Richmond and Richmond Jewish Foundation.",564,Beth El and Or Atid,17010
78783,5734408d879d6814001ca3ff,How many synagogues in the Reform tradition are present in Richmond?,"The first Jewish congregation in Richmond was Kahal Kadosh Beth Shalom. Kahal Kadosh Beth Shalom was the sixth congregation in the United States. By 1822 K.K. Beth Shalom members worshipped in the first synagogue building in Virginia. They eventually merged with Congregation Beth Ahabah, an offshoot of Beth Shalom. There are two Orthodox Synagogues, Keneseth Beth Israel and Chabad of Virginia. There is an Orthodox Yeshivah K–12 school system known as Rudlin Torah academy, which also includes a post high-school program. There are two Conservative synagogues, Beth El and Or Atid. There are three Reform synagogues, Bonay Kodesh, Beth Ahabah and Or Ami. Along with such religious congregations, there are a variety of other Jewish charitable, educational and social service institutions, each serving the Jewish and general communities. These include the Weinstein Jewish Community Center, Jewish Family Services, Jewish Community Federation of Richmond and Richmond Jewish Foundation.",595,three,17010
78784,57344108879d6814001ca405,Where did Richmond's Nation of Islam members initially meet?,"There are seven current masjids in the Greater Richmond area, with three more currently in construction, accommodating the growing Muslim population, the first one being Masjid Bilal. In the 1950s, Muslims from the East End got organized under Nation of Islam (NOI). They used to meet in Temple #24 located on North Avenue. After the NOI split in 1975, the Muslims who joined mainstream Islam, start meeting at Shabaaz Restaurant on Nine Mile Road. By 1976, the Muslims used to meet in a rented church. They tried to buy this church, but due to financial difficulties the Muslims instead bought an old grocery store at Chimbarazoo Boulevard, the present location of Masjid Bilal. Initially, the place was called ""Masjid Muhammad #24"". Only by 1990 did the Muslims renamed it to ""Masjid Bilal"". Masjid Bilal was followed by the Islamic Center of Virginia, ICVA masjid. The ICVA was established in 1973 as a non profit tax exempt organization. With aggressive fundraising, ICVA was able to buy land on Buford road. Construction of the new masjid began in the early 1980s. The rest of the five current masjids in the Richmond area are Islamic Center of Richmond (ICR) in the west end, Masjid Umm Barakah on 2nd street downtown, Islamic Society of Greater Richmond (ISGR) in the west end, Masjidullah in the north side, and Masjid Ar-Rahman in the east end.",288,Temple #24,17011
78785,57344108879d6814001ca406,On what street is Masjid Bilal located?,"There are seven current masjids in the Greater Richmond area, with three more currently in construction, accommodating the growing Muslim population, the first one being Masjid Bilal. In the 1950s, Muslims from the East End got organized under Nation of Islam (NOI). They used to meet in Temple #24 located on North Avenue. After the NOI split in 1975, the Muslims who joined mainstream Islam, start meeting at Shabaaz Restaurant on Nine Mile Road. By 1976, the Muslims used to meet in a rented church. They tried to buy this church, but due to financial difficulties the Muslims instead bought an old grocery store at Chimbarazoo Boulevard, the present location of Masjid Bilal. Initially, the place was called ""Masjid Muhammad #24"". Only by 1990 did the Muslims renamed it to ""Masjid Bilal"". Masjid Bilal was followed by the Islamic Center of Virginia, ICVA masjid. The ICVA was established in 1973 as a non profit tax exempt organization. With aggressive fundraising, ICVA was able to buy land on Buford road. Construction of the new masjid began in the early 1980s. The rest of the five current masjids in the Richmond area are Islamic Center of Richmond (ICR) in the west end, Masjid Umm Barakah on 2nd street downtown, Islamic Society of Greater Richmond (ISGR) in the west end, Masjidullah in the north side, and Masjid Ar-Rahman in the east end.",619,Chimbarazoo Boulevard,17011
78786,57344108879d6814001ca407,What was Masjid Bilal previously known as?,"There are seven current masjids in the Greater Richmond area, with three more currently in construction, accommodating the growing Muslim population, the first one being Masjid Bilal. In the 1950s, Muslims from the East End got organized under Nation of Islam (NOI). They used to meet in Temple #24 located on North Avenue. After the NOI split in 1975, the Muslims who joined mainstream Islam, start meeting at Shabaaz Restaurant on Nine Mile Road. By 1976, the Muslims used to meet in a rented church. They tried to buy this church, but due to financial difficulties the Muslims instead bought an old grocery store at Chimbarazoo Boulevard, the present location of Masjid Bilal. Initially, the place was called ""Masjid Muhammad #24"". Only by 1990 did the Muslims renamed it to ""Masjid Bilal"". Masjid Bilal was followed by the Islamic Center of Virginia, ICVA masjid. The ICVA was established in 1973 as a non profit tax exempt organization. With aggressive fundraising, ICVA was able to buy land on Buford road. Construction of the new masjid began in the early 1980s. The rest of the five current masjids in the Richmond area are Islamic Center of Richmond (ICR) in the west end, Masjid Umm Barakah on 2nd street downtown, Islamic Society of Greater Richmond (ISGR) in the west end, Masjidullah in the north side, and Masjid Ar-Rahman in the east end.",713,Masjid Muhammad #24,17011
78787,57344108879d6814001ca408,What year saw the establishment of the Islamic Center of Virginia?,"There are seven current masjids in the Greater Richmond area, with three more currently in construction, accommodating the growing Muslim population, the first one being Masjid Bilal. In the 1950s, Muslims from the East End got organized under Nation of Islam (NOI). They used to meet in Temple #24 located on North Avenue. After the NOI split in 1975, the Muslims who joined mainstream Islam, start meeting at Shabaaz Restaurant on Nine Mile Road. By 1976, the Muslims used to meet in a rented church. They tried to buy this church, but due to financial difficulties the Muslims instead bought an old grocery store at Chimbarazoo Boulevard, the present location of Masjid Bilal. Initially, the place was called ""Masjid Muhammad #24"". Only by 1990 did the Muslims renamed it to ""Masjid Bilal"". Masjid Bilal was followed by the Islamic Center of Virginia, ICVA masjid. The ICVA was established in 1973 as a non profit tax exempt organization. With aggressive fundraising, ICVA was able to buy land on Buford road. Construction of the new masjid began in the early 1980s. The rest of the five current masjids in the Richmond area are Islamic Center of Richmond (ICR) in the west end, Masjid Umm Barakah on 2nd street downtown, Islamic Society of Greater Richmond (ISGR) in the west end, Masjidullah in the north side, and Masjid Ar-Rahman in the east end.",896,1973,17011
78788,57344108879d6814001ca409,On what street can Shabaaz Restaurant be found?,"There are seven current masjids in the Greater Richmond area, with three more currently in construction, accommodating the growing Muslim population, the first one being Masjid Bilal. In the 1950s, Muslims from the East End got organized under Nation of Islam (NOI). They used to meet in Temple #24 located on North Avenue. After the NOI split in 1975, the Muslims who joined mainstream Islam, start meeting at Shabaaz Restaurant on Nine Mile Road. By 1976, the Muslims used to meet in a rented church. They tried to buy this church, but due to financial difficulties the Muslims instead bought an old grocery store at Chimbarazoo Boulevard, the present location of Masjid Bilal. Initially, the place was called ""Masjid Muhammad #24"". Only by 1990 did the Muslims renamed it to ""Masjid Bilal"". Masjid Bilal was followed by the Islamic Center of Virginia, ICVA masjid. The ICVA was established in 1973 as a non profit tax exempt organization. With aggressive fundraising, ICVA was able to buy land on Buford road. Construction of the new masjid began in the early 1980s. The rest of the five current masjids in the Richmond area are Islamic Center of Richmond (ICR) in the west end, Masjid Umm Barakah on 2nd street downtown, Islamic Society of Greater Richmond (ISGR) in the west end, Masjidullah in the north side, and Masjid Ar-Rahman in the east end.",433,Nine Mile Road,17011
78789,5734415cacc1501500babd29,How many Indian-descended families lived in or around Richmond in 2011?,"Hinduism is actively practiced, particularly in suburban areas of Henrico and Chesterfield. Some 6,000 families of Indian descent resided in the Richmond Region as of 2011. Hindus are served by several temples and cultural centers. The two most familiar are the Cultural Center of India (CCI) located off of Iron Bridge Road in Chesterfield County and the Hindu Center of Virginia in Henrico County which has garnered national fame and awards for being the first LEED certified religious facility in the commonwealth.",97,"6,000",17012
78790,5734415cacc1501500babd2a,What does CCI stand for?,"Hinduism is actively practiced, particularly in suburban areas of Henrico and Chesterfield. Some 6,000 families of Indian descent resided in the Richmond Region as of 2011. Hindus are served by several temples and cultural centers. The two most familiar are the Cultural Center of India (CCI) located off of Iron Bridge Road in Chesterfield County and the Hindu Center of Virginia in Henrico County which has garnered national fame and awards for being the first LEED certified religious facility in the commonwealth.",262,Cultural Center of India,17012
78791,5734415cacc1501500babd2b,In what county can CCI be found?,"Hinduism is actively practiced, particularly in suburban areas of Henrico and Chesterfield. Some 6,000 families of Indian descent resided in the Richmond Region as of 2011. Hindus are served by several temples and cultural centers. The two most familiar are the Cultural Center of India (CCI) located off of Iron Bridge Road in Chesterfield County and the Hindu Center of Virginia in Henrico County which has garnered national fame and awards for being the first LEED certified religious facility in the commonwealth.",328,Chesterfield,17012
78792,5734415cacc1501500babd2c,What road is CCI near?,"Hinduism is actively practiced, particularly in suburban areas of Henrico and Chesterfield. Some 6,000 families of Indian descent resided in the Richmond Region as of 2011. Hindus are served by several temples and cultural centers. The two most familiar are the Cultural Center of India (CCI) located off of Iron Bridge Road in Chesterfield County and the Hindu Center of Virginia in Henrico County which has garnered national fame and awards for being the first LEED certified religious facility in the commonwealth.",308,Iron Bridge,17012
78793,5734415cacc1501500babd2d,"Along with CCI, what is the other Hindu gathering place near Richmond?","Hinduism is actively practiced, particularly in suburban areas of Henrico and Chesterfield. Some 6,000 families of Indian descent resided in the Richmond Region as of 2011. Hindus are served by several temples and cultural centers. The two most familiar are the Cultural Center of India (CCI) located off of Iron Bridge Road in Chesterfield County and the Hindu Center of Virginia in Henrico County which has garnered national fame and awards for being the first LEED certified religious facility in the commonwealth.",356,Hindu Center of Virginia,17012
78794,573441d4acc1501500babd33,What federal court is located in Richmond?,"Law and finance have long been driving forces in the economy. The city is home to both the United States Court of Appeals for the Fourth Circuit, one of 13 United States courts of appeals, and the Federal Reserve Bank of Richmond, one of 12 Federal Reserve Banks, as well as offices for international companies such as Genworth Financial, CapitalOne, Philip Morris USA, and numerous other banks and brokerages. Richmond is also home to four of the largest law firms in the United States: Hunton & Williams, McGuireWoods, Williams Mullen, and LeClairRyan. Another law firm with a major Richmond presence is Troutman Sanders, which merged with Richmond-based Mays & Valentine LLP in 2001.",91,United States Court of Appeals for the Fourth Circuit,17013
78795,573441d4acc1501500babd34,"Along with Philip Morris and CapitalOne, what prominent corporation is present in Richmond?","Law and finance have long been driving forces in the economy. The city is home to both the United States Court of Appeals for the Fourth Circuit, one of 13 United States courts of appeals, and the Federal Reserve Bank of Richmond, one of 12 Federal Reserve Banks, as well as offices for international companies such as Genworth Financial, CapitalOne, Philip Morris USA, and numerous other banks and brokerages. Richmond is also home to four of the largest law firms in the United States: Hunton & Williams, McGuireWoods, Williams Mullen, and LeClairRyan. Another law firm with a major Richmond presence is Troutman Sanders, which merged with Richmond-based Mays & Valentine LLP in 2001.",319,Genworth Financial,17013
78796,573441d4acc1501500babd35,What type of business is LeClairRyan?,"Law and finance have long been driving forces in the economy. The city is home to both the United States Court of Appeals for the Fourth Circuit, one of 13 United States courts of appeals, and the Federal Reserve Bank of Richmond, one of 12 Federal Reserve Banks, as well as offices for international companies such as Genworth Financial, CapitalOne, Philip Morris USA, and numerous other banks and brokerages. Richmond is also home to four of the largest law firms in the United States: Hunton & Williams, McGuireWoods, Williams Mullen, and LeClairRyan. Another law firm with a major Richmond presence is Troutman Sanders, which merged with Richmond-based Mays & Valentine LLP in 2001.",456,law firms,17013
78797,573441d4acc1501500babd36,When did the Troutman Sanders-Mays & Valentine LLP merger occur?,"Law and finance have long been driving forces in the economy. The city is home to both the United States Court of Appeals for the Fourth Circuit, one of 13 United States courts of appeals, and the Federal Reserve Bank of Richmond, one of 12 Federal Reserve Banks, as well as offices for international companies such as Genworth Financial, CapitalOne, Philip Morris USA, and numerous other banks and brokerages. Richmond is also home to four of the largest law firms in the United States: Hunton & Williams, McGuireWoods, Williams Mullen, and LeClairRyan. Another law firm with a major Richmond presence is Troutman Sanders, which merged with Richmond-based Mays & Valentine LLP in 2001.",681,2001,17013
78798,573441d4acc1501500babd37,How many Federal Reserve Banks exist in the United States?,"Law and finance have long been driving forces in the economy. The city is home to both the United States Court of Appeals for the Fourth Circuit, one of 13 United States courts of appeals, and the Federal Reserve Bank of Richmond, one of 12 Federal Reserve Banks, as well as offices for international companies such as Genworth Financial, CapitalOne, Philip Morris USA, and numerous other banks and brokerages. Richmond is also home to four of the largest law firms in the United States: Hunton & Williams, McGuireWoods, Williams Mullen, and LeClairRyan. Another law firm with a major Richmond presence is Troutman Sanders, which merged with Richmond-based Mays & Valentine LLP in 2001.",238,12,17013
78799,5734438f879d6814001ca419,How many square meters of space does Virginia BioTechnology Research Park consist of?,"Richmond is home to the rapidly developing Virginia BioTechnology Research Park, which opened in 1995 as an incubator facility for biotechnology and pharmaceutical companies. Located adjacent to the Medical College of Virginia (MCV) Campus of Virginia Commonwealth University, the park currently[when?] has more than 575,000 square feet (53,400 m2) of research, laboratory and office space for a diverse tenant mix of companies, research institutes, government laboratories and non-profit organizations. The United Network for Organ Sharing, which maintains the nation's organ transplant waiting list, occupies one building in the park. Philip Morris USA opened a $350 million research and development facility in the park in 2007. Once fully developed, park officials expect the site to employ roughly 3,000 scientists, technicians and engineers.",338,"53,400",17014
78800,5734438f879d6814001ca41a,What does the United Network for Organ Sharing do?,"Richmond is home to the rapidly developing Virginia BioTechnology Research Park, which opened in 1995 as an incubator facility for biotechnology and pharmaceutical companies. Located adjacent to the Medical College of Virginia (MCV) Campus of Virginia Commonwealth University, the park currently[when?] has more than 575,000 square feet (53,400 m2) of research, laboratory and office space for a diverse tenant mix of companies, research institutes, government laboratories and non-profit organizations. The United Network for Organ Sharing, which maintains the nation's organ transplant waiting list, occupies one building in the park. Philip Morris USA opened a $350 million research and development facility in the park in 2007. Once fully developed, park officials expect the site to employ roughly 3,000 scientists, technicians and engineers.",548,maintains the nation's organ transplant waiting list,17014
78801,5734438f879d6814001ca41b,What was the cost of the Philip Morris R&D facility opened at the Virginia BioTechnology Research Park?,"Richmond is home to the rapidly developing Virginia BioTechnology Research Park, which opened in 1995 as an incubator facility for biotechnology and pharmaceutical companies. Located adjacent to the Medical College of Virginia (MCV) Campus of Virginia Commonwealth University, the park currently[when?] has more than 575,000 square feet (53,400 m2) of research, laboratory and office space for a diverse tenant mix of companies, research institutes, government laboratories and non-profit organizations. The United Network for Organ Sharing, which maintains the nation's organ transplant waiting list, occupies one building in the park. Philip Morris USA opened a $350 million research and development facility in the park in 2007. Once fully developed, park officials expect the site to employ roughly 3,000 scientists, technicians and engineers.",664,$350 million,17014
78802,5734438f879d6814001ca41c,When did Philip Morris' R&D facility open?,"Richmond is home to the rapidly developing Virginia BioTechnology Research Park, which opened in 1995 as an incubator facility for biotechnology and pharmaceutical companies. Located adjacent to the Medical College of Virginia (MCV) Campus of Virginia Commonwealth University, the park currently[when?] has more than 575,000 square feet (53,400 m2) of research, laboratory and office space for a diverse tenant mix of companies, research institutes, government laboratories and non-profit organizations. The United Network for Organ Sharing, which maintains the nation's organ transplant waiting list, occupies one building in the park. Philip Morris USA opened a $350 million research and development facility in the park in 2007. Once fully developed, park officials expect the site to employ roughly 3,000 scientists, technicians and engineers.",726,2007,17014
78803,5734438f879d6814001ca41d,What Virginia Commonwealth University campus is near Virginia BioTechnology Research Park?,"Richmond is home to the rapidly developing Virginia BioTechnology Research Park, which opened in 1995 as an incubator facility for biotechnology and pharmaceutical companies. Located adjacent to the Medical College of Virginia (MCV) Campus of Virginia Commonwealth University, the park currently[when?] has more than 575,000 square feet (53,400 m2) of research, laboratory and office space for a diverse tenant mix of companies, research institutes, government laboratories and non-profit organizations. The United Network for Organ Sharing, which maintains the nation's organ transplant waiting list, occupies one building in the park. Philip Morris USA opened a $350 million research and development facility in the park in 2007. Once fully developed, park officials expect the site to employ roughly 3,000 scientists, technicians and engineers.",199,Medical College of Virginia,17014
78804,573443f3acc1501500babd3d,"What periodical called Richmond ""The Next Great American Food City""?","Richmond is also fast-becoming known for its food scene, with several restaurants in the Fan, Church Hill, Jackson Ward and elsewhere around the city generating regional and national attention for their fare. Departures magazine named Richmond ""The Next Great American Food City"" in August 2014. Also in 2014, Southern Living magazine named three Richmond restaurants – Comfort, Heritage and The Roosevelt – among its ""100 Best Restaurants in the South"", while Metzger Bar & Butchery made its ""Best New Restaurants: 12 To Watch"" list. Craft beer and liquor production is also growing in the River City, with twelve micro-breweries in city proper; the oldest is Legend Brewery, founded in 1994. Three distilleries, Reservoir Distillery, Belle Isle Craft Spirits and James River Distillery, were established in 2010, 2013 and 2014, respectively.",209,Departures magazine,17015
78805,573443f3acc1501500babd3e,"According to Southern Living, what are the three best restaurants in Richmond?","Richmond is also fast-becoming known for its food scene, with several restaurants in the Fan, Church Hill, Jackson Ward and elsewhere around the city generating regional and national attention for their fare. Departures magazine named Richmond ""The Next Great American Food City"" in August 2014. Also in 2014, Southern Living magazine named three Richmond restaurants – Comfort, Heritage and The Roosevelt – among its ""100 Best Restaurants in the South"", while Metzger Bar & Butchery made its ""Best New Restaurants: 12 To Watch"" list. Craft beer and liquor production is also growing in the River City, with twelve micro-breweries in city proper; the oldest is Legend Brewery, founded in 1994. Three distilleries, Reservoir Distillery, Belle Isle Craft Spirits and James River Distillery, were established in 2010, 2013 and 2014, respectively.",370,"Comfort, Heritage and The Roosevelt",17015
78806,573443f3acc1501500babd3f,How many microbreweries exist in Richmond?,"Richmond is also fast-becoming known for its food scene, with several restaurants in the Fan, Church Hill, Jackson Ward and elsewhere around the city generating regional and national attention for their fare. Departures magazine named Richmond ""The Next Great American Food City"" in August 2014. Also in 2014, Southern Living magazine named three Richmond restaurants – Comfort, Heritage and The Roosevelt – among its ""100 Best Restaurants in the South"", while Metzger Bar & Butchery made its ""Best New Restaurants: 12 To Watch"" list. Craft beer and liquor production is also growing in the River City, with twelve micro-breweries in city proper; the oldest is Legend Brewery, founded in 1994. Three distilleries, Reservoir Distillery, Belle Isle Craft Spirits and James River Distillery, were established in 2010, 2013 and 2014, respectively.",608,twelve,17015
78807,573443f3acc1501500babd40,What was the first microbrewery to set up shop in Richmond?,"Richmond is also fast-becoming known for its food scene, with several restaurants in the Fan, Church Hill, Jackson Ward and elsewhere around the city generating regional and national attention for their fare. Departures magazine named Richmond ""The Next Great American Food City"" in August 2014. Also in 2014, Southern Living magazine named three Richmond restaurants – Comfort, Heritage and The Roosevelt – among its ""100 Best Restaurants in the South"", while Metzger Bar & Butchery made its ""Best New Restaurants: 12 To Watch"" list. Craft beer and liquor production is also growing in the River City, with twelve micro-breweries in city proper; the oldest is Legend Brewery, founded in 1994. Three distilleries, Reservoir Distillery, Belle Isle Craft Spirits and James River Distillery, were established in 2010, 2013 and 2014, respectively.",661,Legend Brewery,17015
78808,573443f3acc1501500babd41,When was James River Distillery founded?,"Richmond is also fast-becoming known for its food scene, with several restaurants in the Fan, Church Hill, Jackson Ward and elsewhere around the city generating regional and national attention for their fare. Departures magazine named Richmond ""The Next Great American Food City"" in August 2014. Also in 2014, Southern Living magazine named three Richmond restaurants – Comfort, Heritage and The Roosevelt – among its ""100 Best Restaurants in the South"", while Metzger Bar & Butchery made its ""Best New Restaurants: 12 To Watch"" list. Craft beer and liquor production is also growing in the River City, with twelve micro-breweries in city proper; the oldest is Legend Brewery, founded in 1994. Three distilleries, Reservoir Distillery, Belle Isle Craft Spirits and James River Distillery, were established in 2010, 2013 and 2014, respectively.",824,2014,17015
78809,573444a1879d6814001ca43d,"What movie, which filmed in Richmond, featured Daniel Day-Lewis?","Additionally, Richmond is gaining attention from the film and television industry, with several high-profile films shot in the metro region in the past few years, including the major motion picture Lincoln which led to Daniel Day-Lewis's third Oscar, Killing Kennedy with Rob Lowe, airing on the National Geographic Channel and Turn, starring Jamie Bell and airing on AMC. In 2015 Richmond will be the main filming location for the upcoming PBS drama series Mercy Street, which will premiere in Winter 2016. Several organizations, including the Virginia Film Office and the Virginia Production Alliance, along with events like the Richmond International Film Festival and French Film Festival, continue to put draw supporters of film and media to the region.",198,Lincoln,17016
78810,573444a1879d6814001ca43e,Who notably appeared in Killing Kennedy?,"Additionally, Richmond is gaining attention from the film and television industry, with several high-profile films shot in the metro region in the past few years, including the major motion picture Lincoln which led to Daniel Day-Lewis's third Oscar, Killing Kennedy with Rob Lowe, airing on the National Geographic Channel and Turn, starring Jamie Bell and airing on AMC. In 2015 Richmond will be the main filming location for the upcoming PBS drama series Mercy Street, which will premiere in Winter 2016. Several organizations, including the Virginia Film Office and the Virginia Production Alliance, along with events like the Richmond International Film Festival and French Film Festival, continue to put draw supporters of film and media to the region.",272,Rob Lowe,17016
78811,573444a1879d6814001ca43f,On what television channel can the show Turn be seen?,"Additionally, Richmond is gaining attention from the film and television industry, with several high-profile films shot in the metro region in the past few years, including the major motion picture Lincoln which led to Daniel Day-Lewis's third Oscar, Killing Kennedy with Rob Lowe, airing on the National Geographic Channel and Turn, starring Jamie Bell and airing on AMC. In 2015 Richmond will be the main filming location for the upcoming PBS drama series Mercy Street, which will premiere in Winter 2016. Several organizations, including the Virginia Film Office and the Virginia Production Alliance, along with events like the Richmond International Film Festival and French Film Festival, continue to put draw supporters of film and media to the region.",368,AMC,17016
78812,573444a1879d6814001ca440,When will Mercy Street first be shown on television?,"Additionally, Richmond is gaining attention from the film and television industry, with several high-profile films shot in the metro region in the past few years, including the major motion picture Lincoln which led to Daniel Day-Lewis's third Oscar, Killing Kennedy with Rob Lowe, airing on the National Geographic Channel and Turn, starring Jamie Bell and airing on AMC. In 2015 Richmond will be the main filming location for the upcoming PBS drama series Mercy Street, which will premiere in Winter 2016. Several organizations, including the Virginia Film Office and the Virginia Production Alliance, along with events like the Richmond International Film Festival and French Film Festival, continue to put draw supporters of film and media to the region.",495,Winter 2016,17016
78813,573444a1879d6814001ca441,What channel is Killing Kennedy on?,"Additionally, Richmond is gaining attention from the film and television industry, with several high-profile films shot in the metro region in the past few years, including the major motion picture Lincoln which led to Daniel Day-Lewis's third Oscar, Killing Kennedy with Rob Lowe, airing on the National Geographic Channel and Turn, starring Jamie Bell and airing on AMC. In 2015 Richmond will be the main filming location for the upcoming PBS drama series Mercy Street, which will premiere in Winter 2016. Several organizations, including the Virginia Film Office and the Virginia Production Alliance, along with events like the Richmond International Film Festival and French Film Festival, continue to put draw supporters of film and media to the region.",296,National Geographic Channel,17016
78814,57344500acc1501500babd4f,"According to MarketWatch, where did Richmond rank among cities for business?","The Greater Richmond area was named the third-best city for business by MarketWatch in September 2007, ranking behind only the Minneapolis and Denver areas and just above Boston. The area is home to six Fortune 500 companies: electric utility Dominion Resources; CarMax; Owens & Minor; Genworth Financial; MeadWestvaco; McKesson Medical-Surgical and Altria Group. However, only Dominion Resources and MeadWestvaco are headquartered within the city of Richmond; the others are located in the neighboring counties of Henrico and Hanover. In 2008, Altria moved its corporate HQ from New York City to Henrico County, adding another Fortune 500 corporation to Richmond's list. In February 2006, MeadWestvaco announced that they would move from Stamford, Connecticut, to Richmond in 2008 with the help of the Greater Richmond Partnership, a regional economic development organization that also helped locate Aditya Birla Minacs, Amazon.com, and Honeywell International, to the region.",40,third,17017
78815,57344500acc1501500babd50,What did MarketWatch think was the fourth best city for business?,"The Greater Richmond area was named the third-best city for business by MarketWatch in September 2007, ranking behind only the Minneapolis and Denver areas and just above Boston. The area is home to six Fortune 500 companies: electric utility Dominion Resources; CarMax; Owens & Minor; Genworth Financial; MeadWestvaco; McKesson Medical-Surgical and Altria Group. However, only Dominion Resources and MeadWestvaco are headquartered within the city of Richmond; the others are located in the neighboring counties of Henrico and Hanover. In 2008, Altria moved its corporate HQ from New York City to Henrico County, adding another Fortune 500 corporation to Richmond's list. In February 2006, MeadWestvaco announced that they would move from Stamford, Connecticut, to Richmond in 2008 with the help of the Greater Richmond Partnership, a regional economic development organization that also helped locate Aditya Birla Minacs, Amazon.com, and Honeywell International, to the region.",171,Boston,17017
78816,57344500acc1501500babd51,What type of business is Dominion Resources?,"The Greater Richmond area was named the third-best city for business by MarketWatch in September 2007, ranking behind only the Minneapolis and Denver areas and just above Boston. The area is home to six Fortune 500 companies: electric utility Dominion Resources; CarMax; Owens & Minor; Genworth Financial; MeadWestvaco; McKesson Medical-Surgical and Altria Group. However, only Dominion Resources and MeadWestvaco are headquartered within the city of Richmond; the others are located in the neighboring counties of Henrico and Hanover. In 2008, Altria moved its corporate HQ from New York City to Henrico County, adding another Fortune 500 corporation to Richmond's list. In February 2006, MeadWestvaco announced that they would move from Stamford, Connecticut, to Richmond in 2008 with the help of the Greater Richmond Partnership, a regional economic development organization that also helped locate Aditya Birla Minacs, Amazon.com, and Honeywell International, to the region.",226,electric utility,17017
78817,57344500acc1501500babd52,"Prior to moving to the Richmond area, where was Altria's headquarters located?","The Greater Richmond area was named the third-best city for business by MarketWatch in September 2007, ranking behind only the Minneapolis and Denver areas and just above Boston. The area is home to six Fortune 500 companies: electric utility Dominion Resources; CarMax; Owens & Minor; Genworth Financial; MeadWestvaco; McKesson Medical-Surgical and Altria Group. However, only Dominion Resources and MeadWestvaco are headquartered within the city of Richmond; the others are located in the neighboring counties of Henrico and Hanover. In 2008, Altria moved its corporate HQ from New York City to Henrico County, adding another Fortune 500 corporation to Richmond's list. In February 2006, MeadWestvaco announced that they would move from Stamford, Connecticut, to Richmond in 2008 with the help of the Greater Richmond Partnership, a regional economic development organization that also helped locate Aditya Birla Minacs, Amazon.com, and Honeywell International, to the region.",580,New York City,17017
78818,57344500acc1501500babd53,What company moved to Richmond from Connecticut?,"The Greater Richmond area was named the third-best city for business by MarketWatch in September 2007, ranking behind only the Minneapolis and Denver areas and just above Boston. The area is home to six Fortune 500 companies: electric utility Dominion Resources; CarMax; Owens & Minor; Genworth Financial; MeadWestvaco; McKesson Medical-Surgical and Altria Group. However, only Dominion Resources and MeadWestvaco are headquartered within the city of Richmond; the others are located in the neighboring counties of Henrico and Hanover. In 2008, Altria moved its corporate HQ from New York City to Henrico County, adding another Fortune 500 corporation to Richmond's list. In February 2006, MeadWestvaco announced that they would move from Stamford, Connecticut, to Richmond in 2008 with the help of the Greater Richmond Partnership, a regional economic development organization that also helped locate Aditya Birla Minacs, Amazon.com, and Honeywell International, to the region.",690,MeadWestvaco,17017
78819,57344560879d6814001ca451,Where is SunTrust Bank headquartered?,"Other Fortune 500 companies, while not headquartered in the area, do have a major presence. These include SunTrust Bank (based in Atlanta), Capital One Financial Corporation (officially based in McLean, Virginia, but founded in Richmond with its operations center and most employees in the Richmond area), and the medical and pharmaceutical giant McKesson (based in San Francisco). Capital One and Altria company's Philip Morris USA are two of the largest private Richmond-area employers. DuPont maintains a production facility in South Richmond known as the Spruance Plant. UPS Freight, the less-than-truckload division of UPS and formerly known as Overnite Transportation, has its corporate headquarters in Richmond.",130,Atlanta,17018
78820,57344560879d6814001ca452,What city is the headquarters of McKesson located in?,"Other Fortune 500 companies, while not headquartered in the area, do have a major presence. These include SunTrust Bank (based in Atlanta), Capital One Financial Corporation (officially based in McLean, Virginia, but founded in Richmond with its operations center and most employees in the Richmond area), and the medical and pharmaceutical giant McKesson (based in San Francisco). Capital One and Altria company's Philip Morris USA are two of the largest private Richmond-area employers. DuPont maintains a production facility in South Richmond known as the Spruance Plant. UPS Freight, the less-than-truckload division of UPS and formerly known as Overnite Transportation, has its corporate headquarters in Richmond.",366,San Francisco,17018
78821,57344560879d6814001ca453,Who owns Philip Morris USA?,"Other Fortune 500 companies, while not headquartered in the area, do have a major presence. These include SunTrust Bank (based in Atlanta), Capital One Financial Corporation (officially based in McLean, Virginia, but founded in Richmond with its operations center and most employees in the Richmond area), and the medical and pharmaceutical giant McKesson (based in San Francisco). Capital One and Altria company's Philip Morris USA are two of the largest private Richmond-area employers. DuPont maintains a production facility in South Richmond known as the Spruance Plant. UPS Freight, the less-than-truckload division of UPS and formerly known as Overnite Transportation, has its corporate headquarters in Richmond.",398,Altria,17018
78822,57344560879d6814001ca454,What DuPont factory is located in the Richmond area?,"Other Fortune 500 companies, while not headquartered in the area, do have a major presence. These include SunTrust Bank (based in Atlanta), Capital One Financial Corporation (officially based in McLean, Virginia, but founded in Richmond with its operations center and most employees in the Richmond area), and the medical and pharmaceutical giant McKesson (based in San Francisco). Capital One and Altria company's Philip Morris USA are two of the largest private Richmond-area employers. DuPont maintains a production facility in South Richmond known as the Spruance Plant. UPS Freight, the less-than-truckload division of UPS and formerly known as Overnite Transportation, has its corporate headquarters in Richmond.",559,Spruance Plant,17018
78823,57344560879d6814001ca455,What was the former name of UPS Freight?,"Other Fortune 500 companies, while not headquartered in the area, do have a major presence. These include SunTrust Bank (based in Atlanta), Capital One Financial Corporation (officially based in McLean, Virginia, but founded in Richmond with its operations center and most employees in the Richmond area), and the medical and pharmaceutical giant McKesson (based in San Francisco). Capital One and Altria company's Philip Morris USA are two of the largest private Richmond-area employers. DuPont maintains a production facility in South Richmond known as the Spruance Plant. UPS Freight, the less-than-truckload division of UPS and formerly known as Overnite Transportation, has its corporate headquarters in Richmond.",650,Overnite Transportation,17018
78824,573445d3879d6814001ca45b,What architectural style was the 1919 Broad Street Union Station constructed in?,"Several of the city's large general museums are located near the Boulevard. On Boulevard proper are the Virginia Historical Society and the Virginia Museum of Fine Arts, lending their name to what is sometimes called the Museum District. Nearby on Broad Street is the Science Museum of Virginia, housed in the neoclassical former 1919 Broad Street Union Station. Immediately adjacent is the Children's Museum of Richmond, and two blocks away, the Virginia Center for Architecture. Within the downtown are the Library of Virginia and the Valentine Richmond History Center. Elsewhere are the Virginia Holocaust Museum and the Old Dominion Railway Museum.",310,neoclassical,17019
78825,573445d3879d6814001ca45c,How far away from the Virginia Center for Architecture is the Children's Museum of Richmond?,"Several of the city's large general museums are located near the Boulevard. On Boulevard proper are the Virginia Historical Society and the Virginia Museum of Fine Arts, lending their name to what is sometimes called the Museum District. Nearby on Broad Street is the Science Museum of Virginia, housed in the neoclassical former 1919 Broad Street Union Station. Immediately adjacent is the Children's Museum of Richmond, and two blocks away, the Virginia Center for Architecture. Within the downtown are the Library of Virginia and the Valentine Richmond History Center. Elsewhere are the Virginia Holocaust Museum and the Old Dominion Railway Museum.",426,two blocks,17019
78826,573445d3879d6814001ca45d,What district of Richmond is the Virginia Historical Society located in?,"Several of the city's large general museums are located near the Boulevard. On Boulevard proper are the Virginia Historical Society and the Virginia Museum of Fine Arts, lending their name to what is sometimes called the Museum District. Nearby on Broad Street is the Science Museum of Virginia, housed in the neoclassical former 1919 Broad Street Union Station. Immediately adjacent is the Children's Museum of Richmond, and two blocks away, the Virginia Center for Architecture. Within the downtown are the Library of Virginia and the Valentine Richmond History Center. Elsewhere are the Virginia Holocaust Museum and the Old Dominion Railway Museum.",221,Museum District,17019
78827,573445d3879d6814001ca45e,What museum is next to the Science Museum of Virginia?,"Several of the city's large general museums are located near the Boulevard. On Boulevard proper are the Virginia Historical Society and the Virginia Museum of Fine Arts, lending their name to what is sometimes called the Museum District. Nearby on Broad Street is the Science Museum of Virginia, housed in the neoclassical former 1919 Broad Street Union Station. Immediately adjacent is the Children's Museum of Richmond, and two blocks away, the Virginia Center for Architecture. Within the downtown are the Library of Virginia and the Valentine Richmond History Center. Elsewhere are the Virginia Holocaust Museum and the Old Dominion Railway Museum.",391,Children's Museum of Richmond,17019
78828,5734466eacc1501500babd77,In what former industrial facility is the Richmond National Battlefield Park Visitors Center located?,"As the primary former Capital of the Confederate States of America, Richmond is home to many museums and battlefields of the American Civil War. Near the riverfront is the Richmond National Battlefield Park Visitors Center and the American Civil War Center at Historic Tredegar, both housed in the former buildings of the Tredegar Iron Works, where much of the ordnance for the war was produced. In Court End, near the Virginia State Capitol, is the Museum of the Confederacy, along with the Davis Mansion, also known as the White House of the Confederacy; both feature a wide variety of objects and material from the era. The temporary home of former Confederate General Robert E. Lee still stands on Franklin Street in downtown Richmond. The history of slavery and emancipation are also increasingly represented: there is a former slave trail along the river that leads to Ancarrow's Boat Ramp and Historic Site which has been developed with interpretive signage, and in 2007, the Reconciliation Statue was placed in Shockoe Bottom, with parallel statues placed in Liverpool and Benin representing points of the Triangle Trade.",322,Tredegar Iron Works,17020
78829,5734466eacc1501500babd78,What government building is the Museum of the Confederacy located near?,"As the primary former Capital of the Confederate States of America, Richmond is home to many museums and battlefields of the American Civil War. Near the riverfront is the Richmond National Battlefield Park Visitors Center and the American Civil War Center at Historic Tredegar, both housed in the former buildings of the Tredegar Iron Works, where much of the ordnance for the war was produced. In Court End, near the Virginia State Capitol, is the Museum of the Confederacy, along with the Davis Mansion, also known as the White House of the Confederacy; both feature a wide variety of objects and material from the era. The temporary home of former Confederate General Robert E. Lee still stands on Franklin Street in downtown Richmond. The history of slavery and emancipation are also increasingly represented: there is a former slave trail along the river that leads to Ancarrow's Boat Ramp and Historic Site which has been developed with interpretive signage, and in 2007, the Reconciliation Statue was placed in Shockoe Bottom, with parallel statues placed in Liverpool and Benin representing points of the Triangle Trade.",419,Virginia State Capitol,17020
78830,5734466eacc1501500babd79,What is another name for the Davis Mansion?,"As the primary former Capital of the Confederate States of America, Richmond is home to many museums and battlefields of the American Civil War. Near the riverfront is the Richmond National Battlefield Park Visitors Center and the American Civil War Center at Historic Tredegar, both housed in the former buildings of the Tredegar Iron Works, where much of the ordnance for the war was produced. In Court End, near the Virginia State Capitol, is the Museum of the Confederacy, along with the Davis Mansion, also known as the White House of the Confederacy; both feature a wide variety of objects and material from the era. The temporary home of former Confederate General Robert E. Lee still stands on Franklin Street in downtown Richmond. The history of slavery and emancipation are also increasingly represented: there is a former slave trail along the river that leads to Ancarrow's Boat Ramp and Historic Site which has been developed with interpretive signage, and in 2007, the Reconciliation Statue was placed in Shockoe Bottom, with parallel statues placed in Liverpool and Benin representing points of the Triangle Trade.",525,White House of the Confederacy,17020
78831,5734466eacc1501500babd7a,On what Richmond street did General Lee live for a while?,"As the primary former Capital of the Confederate States of America, Richmond is home to many museums and battlefields of the American Civil War. Near the riverfront is the Richmond National Battlefield Park Visitors Center and the American Civil War Center at Historic Tredegar, both housed in the former buildings of the Tredegar Iron Works, where much of the ordnance for the war was produced. In Court End, near the Virginia State Capitol, is the Museum of the Confederacy, along with the Davis Mansion, also known as the White House of the Confederacy; both feature a wide variety of objects and material from the era. The temporary home of former Confederate General Robert E. Lee still stands on Franklin Street in downtown Richmond. The history of slavery and emancipation are also increasingly represented: there is a former slave trail along the river that leads to Ancarrow's Boat Ramp and Historic Site which has been developed with interpretive signage, and in 2007, the Reconciliation Statue was placed in Shockoe Bottom, with parallel statues placed in Liverpool and Benin representing points of the Triangle Trade.",702,Franklin,17020
78832,5734466eacc1501500babd7b,Where are the Reconciliation Statues outside Richmond located?,"As the primary former Capital of the Confederate States of America, Richmond is home to many museums and battlefields of the American Civil War. Near the riverfront is the Richmond National Battlefield Park Visitors Center and the American Civil War Center at Historic Tredegar, both housed in the former buildings of the Tredegar Iron Works, where much of the ordnance for the war was produced. In Court End, near the Virginia State Capitol, is the Museum of the Confederacy, along with the Davis Mansion, also known as the White House of the Confederacy; both feature a wide variety of objects and material from the era. The temporary home of former Confederate General Robert E. Lee still stands on Franklin Street in downtown Richmond. The history of slavery and emancipation are also increasingly represented: there is a former slave trail along the river that leads to Ancarrow's Boat Ramp and Historic Site which has been developed with interpretive signage, and in 2007, the Reconciliation Statue was placed in Shockoe Bottom, with parallel statues placed in Liverpool and Benin representing points of the Triangle Trade.",1067,Liverpool and Benin,17020
